Quentin,T1,24
Peter,T3,18
Whitney,T8,13
Brian,T6,43
Jacob,T7,31
Xena,T9,10
Isabella,T22,40
Uma,T4,29
Anthony,T4,16
Quentin,T2,31
Nicholas,T8,46
Connor,T38,22
Quentin,T5,41
Emma,T15,44
Olivia,T1,25
Jacob,T31,29
Peter,T5,23
Daniel,T1,25
Peter,T1,22
Harry,T14,26
Olivia,T3,30
Molly,T3,29
Isabella,T1,27
Jacob,T7,16
Quentin,T2,47
Xena,T25,14
Quentin,T5,27
Anthony,T3,35
Zachary,T6,29
Rachel,T3,17
Victor,T8,24
Uma,T20,32
Luke,T33,14
Quentin,T2,25
Taylor,T5,17
Emma,T6,25
Brian,T9,37
Daniel,T9,19
Taylor,T28,38
Kerry,T19,37
Olivia,T4,23
Molly,T3,34
Kerry,T26,36
Uma,T2,23
Isabella,T21,32
Isabella,T8,40
Grace,T6,22
Isabella,T24,15
Brian,T15,17
Yvonne,T4,35
Quentin,T2,43
Taylor,T37,34
Taylor,T27,19
Francis,T5,32
Olivia,T18,28
Daniel,T39,21
Quentin,T36,32
Sydney,T40,21
Daniel,T4,22
Olivia,T24,35
Anthony,T9,29
Jacob,T23,20
Kerry,T1,35
Daniel,T6,23
Luke,T24,34
Victor,T9,36
Olivia,T2,31
Grace,T7,32
Zachary,T22,45
Olivia,T32,32
Peter,T6,24
Quentin,T16,14
Grace,T7,34
Jacob,T4,34
Luke,T2,22
Anthony,T9,24
Whitney,T31,16
Grace,T7,27
Luke,T33,23
Rachel,T2,19
Emma,T15,20
Grace,T15,27
Grace,T1,20
Francis,T28,43
Uma,T24,29
Whitney,T9,35
Grace,T6,33
Daniel,T29,30
Harry,T3,28
Emma,T25,29
Grace,T39,35
Molly,T16,34
Luke,T2,13
Isabella,T1,25
Brian,T9,36
Yvonne,T3,27
Luke,T9,30
Zachary,T37,44
Zachary,T31,33
Molly,T3,23
Olivia,T36,31
Harry,T7,21
Luke,T9,42
Taylor,T1,26
Quentin,T17,33
Rachel,T9,30
Zachary,T6,26
Jacob,T39,24
Olivia,T37,41
Yvonne,T9,39
Francis,T37,36
Anthony,T13,32
Zachary,T8,38
Isabella,T38,27
Emma,T38,34
Luke,T40,26
Molly,T33,43
Daniel,T4,27
Daniel,T26,29
Luke,T8,26
Luke,T26,29
Brian,T6,37
Connor,T8,22
Rachel,T5,15
Olivia,T13,24
Connor,T5,31
Grace,T6,38
Victor,T30,19
Yvonne,T5,37
Victor,T8,32
Luke,T35,32
Taylor,T6,28
Victor,T33,27
Jacob,T3,36
Grace,T6,38
Rachel,T5,27
Rachel,T35,38
Molly,T12,37
Emma,T7,34
Xena,T7,22
Uma,T7,17
Isabella,T4,41
Olivia,T8,17
Jacob,T9,30
Uma,T30,24
Connor,T24,31
Francis,T4,32
Harry,T19,35
Peter,T33,29
Victor,T8,27
Nicholas,T17,23
Yvonne,T9,22
Yvonne,T7,37
Whitney,T2,37
Xena,T30,20
Nicholas,T1,30
Quentin,T30,42
Anthony,T14,24
Emma,T38,31
Uma,T26,17
Francis,T2,24
Taylor,T32,37
Kerry,T6,26
Connor,T22,31
Whitney,T3,23
Harry,T7,22
Uma,T37,30
Grace,T34,23
Emma,T7,31
Yvonne,T4,23
Zachary,T14,26
Sydney,T15,40
Isabella,T16,40
Emma,T21,36
Molly,T4,37
Zachary,T5,32
Whitney,T9,33
Quentin,T9,23
Anthony,T4,22
Emma,T24,40
Harry,T5,34
Harry,T7,33
Brian,T4,17
Rachel,T21,32
Anthony,T29,31
Jacob,T2,34
Whitney,T8,29
Whitney,T6,29
Luke,T35,30
Quentin,T9,26
Emma,T29,38
Daniel,T1,44
Peter,T29,35
Peter,T36,37
Connor,T28,32
Emma,T40,40
Harry,T7,36
Isabella,T23,46
Olivia,T26,36
Peter,T19,26
Nicholas,T4,28
Zachary,T26,12
Quentin,T14,39
Victor,T17,34
Yvonne,T6,25
Zachary,T9,35
Connor,T1,32
Emma,T4,31
Connor,T6,29
Molly,T5,30
Quentin,T5,35
Emma,T30,53
Kerry,T6,31
Emma,T2,31
Quentin,T1,29
Grace,T5,39
Brian,T9,19
Yvonne,T34,28
Sydney,T26,41
Isabella,T25,42
Peter,T26,27
Connor,T26,27
Isabella,T37,26
Jacob,T3,31
Xena,T39,18
Molly,T6,28
Sydney,T8,40
Anthony,T7,15
Anthony,T23,29
Olivia,T6,22
Quentin,T29,21
Olivia,T35,47
Zachary,T1,41
Uma,T32,33
Harry,T12,40
Molly,T20,18
Olivia,T27,28
Yvonne,T6,19
Grace,T19,34
Grace,T25,32
Isabella,T6,28
Connor,T13,30
Jacob,T1,33
Peter,T32,28
Francis,T23,21
Quentin,T19,42
Sydney,T6,27
Molly,T5,27
Anthony,T5,27
Kerry,T6,31
Brian,T1,23
Anthony,T35,15
Quentin,T6,29
Anthony,T6,29
Harry,T26,36
Luke,T4,32
Luke,T2,34
Anthony,T15,23
Rachel,T20,40
Zachary,T24,38
Whitney,T15,29
Victor,T8,17
Yvonne,T3,30
Isabella,T15,15
Taylor,T12,37
Rachel,T8,23
Brian,T5,24
Isabella,T1,24
Emma,T4,52
Olivia,T8,29
Yvonne,T4,51
Taylor,T10,30
Rachel,T3,26
Brian,T9,28
Jacob,T3,30
Xena,T7,28
Rachel,T1,37
Xena,T6,35
Sydney,T9,19
Molly,T18,21
Sydney,T31,22
Anthony,T4,30
Olivia,T9,38
Daniel,T6,29
Harry,T12,30
Harry,T16,21
Emma,T8,35
Olivia,T1,39
Sydney,T2,41
Sydney,T27,39
Connor,T3,35
Grace,T6,30
Anthony,T5,41
Jacob,T1,28
Kerry,T1,37
Xena,T6,34
Kerry,T6,32
Peter,T18,28
Brian,T21,25
Daniel,T13,32
Rachel,T6,15
Taylor,T23,33
Victor,T23,13
Whitney,T28,46
Anthony,T8,29
Zachary,T24,23
Victor,T2,34
Xena,T16,21
Quentin,T12,39
Emma,T1,19
Francis,T6,26
Brian,T3,20
Xena,T18,32
Nicholas,T1,36
Taylor,T2,37
Connor,T6,39
Rachel,T16,27
Francis,T9,25
Xena,T9,46
Kerry,T2,26
Luke,T8,31
Zachary,T5,30
Francis,T25,30
Brian,T3,31
Sydney,T3,28
Luke,T36,26
Sydney,T3,37
Anthony,T36,38
Victor,T9,33
Yvonne,T18,34
Victor,T5,31
Luke,T11,36
Rachel,T3,26
Olivia,T7,47
Peter,T28,24
Taylor,T4,35
Isabella,T4,33
Whitney,T20,24
Whitney,T3,18
Xena,T9,15
Jacob,T7,21
Olivia,T2,44
Grace,T29,26
Francis,T1,21
Quentin,T4,29
Whitney,T21,36
Grace,T5,37
Emma,T18,19
Taylor,T1,38
Nicholas,T18,32
Daniel,T4,20
Zachary,T17,28
Whitney,T19,23
Anthony,T10,40
Yvonne,T1,29
Brian,T12,26
Connor,T9,44
Yvonne,T9,32
Sydney,T1,27
Jacob,T18,27
Taylor,T19,29
Connor,T8,33
Kerry,T7,37
Uma,T9,31
Francis,T2,26
Peter,T37,36
Sydney,T26,22
Isabella,T5,29
Rachel,T7,35
Nicholas,T2,34
Kerry,T28,29
Connor,T7,42
Rachel,T2,32
Connor,T6,30
Kerry,T9,20
Sydney,T3,21
Emma,T2,20
Connor,T6,31
Taylor,T5,34
Sydney,T5,34
Daniel,T4,22
Anthony,T6,35
Grace,T1,35
Quentin,T4,33
Brian,T27,24
Uma,T31,47
Molly,T23,32
Yvonne,T7,40
Kerry,T27,20
Yvonne,T6,35
Taylor,T5,34
Victor,T13,22
Xena,T18,36
Xena,T26,19
Quentin,T1,17
Jacob,T3,41
Yvonne,T35,29
Olivia,T36,35
Rachel,T7,40
Olivia,T27,29
Grace,T39,19
Zachary,T4,31
Whitney,T6,38
Connor,T1,30
Francis,T6,26
Zachary,T2,37
Jacob,T6,26
Rachel,T7,35
Rachel,T8,28
Daniel,T4,17
Jacob,T5,29
Sydney,T33,33
Quentin,T27,17
Zachary,T16,30
Rachel,T9,26
Taylor,T5,46
Kerry,T6,34
Brian,T40,43
Connor,T8,23
Brian,T3,36
Kerry,T30,28
Uma,T2,32
Sydney,T4,26
Daniel,T34,29
Whitney,T36,22
Sydney,T9,37
Molly,T3,32
Anthony,T9,31
Zachary,T3,31
Isabella,T16,25
Molly,T3,28
Francis,T5,19
Connor,T10,43
Yvonne,T10,23
Luke,T1,38
Uma,T5,35
Molly,T13,31
Sydney,T2,19
Brian,T16,10
Harry,T8,27
Rachel,T3,29
Anthony,T3,23
Brian,T36,10
Olivia,T6,29
Whitney,T28,40
Molly,T3,24
Whitney,T15,30
Connor,T31,40
Molly,T5,31
Connor,T12,30
Zachary,T6,31
Zachary,T5,35
Emma,T6,25
Brian,T20,42
Xena,T19,34
Peter,T34,31
Harry,T23,21
Brian,T1,26
Luke,T18,16
Rachel,T5,44
Brian,T37,35
Uma,T9,41
Emma,T18,29
Daniel,T38,36
Victor,T16,32
Victor,T40,30
Xena,T26,26
Daniel,T5,34
Jacob,T30,12
Daniel,T11,31
Uma,T21,34
Anthony,T18,39
Kerry,T2,32
Whitney,T1,34
Jacob,T7,36
Olivia,T12,25
Anthony,T7,34
Victor,T4,46
Peter,T1,24
Nicholas,T6,23
Taylor,T19,32
Connor,T7,31
Nicholas,T8,23
Emma,T4,30
Nicholas,T8,42
Harry,T17,24
Whitney,T24,22
Zachary,T26,31
Whitney,T4,18
Harry,T25,14
Harry,T12,26
Molly,T7,31
Brian,T8,36
Whitney,T18,13
Grace,T2,40
Isabella,T4,29
Quentin,T3,23
Peter,T29,26
Rachel,T6,30
Zachary,T4,34
